input_text,vibe_label,label
"Categories: Modern European, Nightlife, Bars, Restaurants, Bakeries, Wine Bars, Food, Scandinavian, Breakfast & Brunch | Review: Came here because the wait was out the door for Tupelo Junction Cafe. Andersen's is a delightful spot to people watch. Brunch options were limited, but quite tasty. They have a large staff that is always ready to help - every server is available to any table at any time. They're clearly a well oiled machine with a happy staff.

I look forward to coming back here to give their dessert selection a try.",date_night,0
"Categories: Nightlife, Seafood, Restaurants, Bars, Cocktail Bars, Burgers, Fish & Chips, Sandwiches | Review: Great ambiance and yummy food. Fair prices and great portions. 
I had dinner and lunch there and the fish, clam chowder were delicious. 
Friendly staff too.",date_night,0
"Categories: Event Planning & Services, Caterers, Sandwiches, Bars, Steakhouses, Delis, Nightlife, Burgers, Cafes, American (New), Restaurants, American (Traditional) | Review: I ordered the Petite Filet Mignon. Was very disappointed when it arrived because it was smaller than the diameter of a soup can, and less than 1/2"" thick. It also was over cooked and dry as a bone. Keep in mind, it was $21.95. I jokingly referred to it as ""my piece of shoe leather"" throughout dinner. Joking aside, I am disappointed that Jill's has become like most most other restaurants in SB: overpriced for the quality and quantity. This used to be my go-to steak place, and in my 10+ years of patronizing Jill's, never did the petite filet come in such a small portion size. Any upstanding steakhouse shouldn't even serve a portion that small. 

Other disappointments include the low quality wine served during happy hour and the overlooked rice pilaf, which had clumps of stuck together rice balls in it where they seemingly scraped out the bottom of the pan.",study_spot,1
"Categories: Restaurants, Breakfast & Brunch, American (Traditional), American (New), Southern | Review: This place is absolutely fantastic for breakfast/brunch. Service is great as well. I had the smoked bacon spinach smoked Gouda scramble. Everything very fresh. Was delicious. I highly recommend it.",family_friendly,3
"Categories: Coffee & Tea, Food, Coffee Roasteries | Review: Great hip coffee with two locations in Santa Barbara. They use Verve coffee beans from Santa Cruz. 

// PARKING // Street or public lots. 

// FOOD // 
     + Shakerato: Had to try their famous drink. 2 shots of espresso shaken in a shaker with ice and simple syrup. It is served in a small cappuccino cup over some ice. It is very bold without being too strong. If you are someone who likes to sip on a drink for a long time though, this is not for you because it is about half a capuccino cup max in terms of quantity. 
    + Iced coffee with soy milk: Creamy with bold coffee flavor. Reminiscent of Joe's Coffee in NYC

*Their other location has a small parking lot.",study_spot,1
"Categories: Food, Breakfast & Brunch, Bakeries, Restaurants, Coffee & Tea | Review: Was really excited for this place. Extremely limited menu. The food was good but not good enough to justify the prices. The waitstaff was extremely kind to me though.",study_spot,1
"Categories: Restaurants, Burgers, American (Traditional), Breakfast & Brunch, Diners | Review: Living in Goleta there are not a lot of places for a decent breakfast and often times we end up driving into Santa Barbara. I had seen Alphie's many times while driving through Old Town. I figured I would try it. We ordered the #21 omelette with spinach, mushrooms, and jack cheese. It was TERRIBLE. They obviously do not care about the quality of ingredients. The spinach was from frozen. There was no seasoning or thought given to the flavor. The reviews on Yelp said to try the biscuits and gravy. Apparently these people have never had good gravy. The gravy was gummy and tasted like raw flour, as if it was from a mix. On top of this all, the service was not great. We will never be back here again",family_friendly,3
"Categories: Restaurants, Breakfast & Brunch, American (Traditional), American (New), Southern | Review: Oh Em Gee.  Freakin' amazing!!  We came for brekkie here and was totally 100% overly satisfied.  The service was excellent, no wait, great table.  Fresh OJ and Lemonade right away.  Waitress recommended the Crab cake + poached egg + hash and it was honestly one of the best breakfast dishes I've ever had.  Hubby got the bacon scramble with CORN BREAD, which was out of this world.  I would love to have tried more, but we were so stuffed.  Would definitely go back!!",family_friendly,3
"Categories: Tapas/Small Plates, Desserts, Restaurants, Breakfast & Brunch, Food, Seafood | Review: Well we were disappointed. My fish was ok. Not the grand experience we had our first time. My wife's seafood pasta was ok. The appetizers were not anything to write about. I would say it was rather 'blah' of an experience.",date_night,0
"Categories: Restaurants, Bars, Breakfast & Brunch, American (Traditional), Nightlife | Review: This is our Family's ""Go to"" spot for breakfast!  The food is excellent...equally important, the service is outstanding, prompt, and attentive. 

My Mom and I decided to try it for dinner last night and I'm sorry to say that it was the exact opposite   We were ignored,  and after getting our water and waiting 10 minutes, I had to get up and ask for a waitress!  Instead of serving our wine while we waited for our meal to be prepared,  I had to again get up, find our waitress,  and ask for our drinks.   

Bottom line;

Good Food
Horrible Service 
Very Disappointing",family_friendly,3
"Categories: American (Traditional), Bakeries, Restaurants, Italian, Breakfast & Brunch, Food | Review: My wife and I often go here. Last night the Potato Cheddar Pure was wonderful. The food here tastes good. Good value, We often split and go for dessert.",family_friendly,3
"Categories: Cuban, Restaurants, Bars, Sandwiches, Nightlife | Review: I stumbled upon this place while I was having a drink at Shaker Mill. They are located in the same building but are two seperate businesses! I've only had cuban food a few times but have never had it in Santa Barbara, so I'm excited to have a new cuisine in town! They are open currently from 4pm-1am so they are open late night which is awesome! From 10pm-1am they have a more limited late night menu but they still have a cuban sandwich and the Plato Mixto on this menu with other sides as well!

I looked over the menu and had no idea what to get. Everything looked so good on the menu it was hard to decide! I ended up going with the Cubano sandwich since I was told that was the most popular. My friend got the Plato Mixto with shrimp and we got a side of the Yucca Fries to share. After we ordered we grabbed our silverware and then headed to a table. They brought the food to us which was super nice!

Our food came very quickly even though they seemed fairly busy. The Cubano sandwich was delicious!!! It was fresh and tasty! The ham and cheese were so good together I loved the sandwich and mustard aioli added a nice kick to it. The Plato Mixto with shrimp that my friend got was huge! It came with yucca fries, a salad, rice and beans. She asked for no beans because she didn't want beans but typically it comes with beans. The Yucca Fries were my favorite part!! They were cooked perfectly soft but sweet and had this creamy aioli to go with them. 

This place was so delicious I love it! I can't wait to come back here soon to try other things on their menu. Once they open for lunch I know I will be coming here all the time. I'm excited to have a Cuban restaurant now on state street! :)",late_night,6
"Categories: Bakeries, Cafes, Coffee & Tea, Food, Desserts, Breakfast & Brunch, Restaurants | Review: The earth cake (Gluten Free) was phenomenal! Would come back to this place just for that. Also nice Ambience -- very laid back and chilled. Came here for brunch on a Sunday morning and was very pleased. :)",study_spot,1
"Categories: Nightlife, Food, Coffee & Tea, Coffeeshops, Internet Cafes | Review: Seriously the best place ever. Awesome employees, wonderful beverages, delicious food. It doesn't get much better! And it seems to be a nice, quiet, cozy place for studying or doing any kind of work. 
Love this place!",study_spot,1
"Categories: Event Planning & Services, Restaurants, Nightlife, Caterers, Italian, Bars | Review: My boyfriend and I were looking for a restaurant for dinner that had great food and a good vibe. A local recommended we try Chase. Unfortunately, Chase was the complete opposite of what we were looking for. Our server was neither friendly or attentive, the manager was busy chatting it up with some friends and playing on his phone the entire two hours we were at the restaurant. I ordered the shrimp piccata, and it was one of the worst meals I've ever had. The pasta tasted like plastic and the sauce had to have been from a can. I would not recommend this place for more than a quick drink at the bar.",late_night,6
"Categories: Hawaiian, Food, Sushi Bars, Poke, Seafood, Restaurants | Review: I can't help it but compare PokiRito to Pokemee.  I was more impressed by the quality of the fish here.  The yellowtail was fantastic, it was silky and buttery, without too much bloodline.  The fish were cut to bigger chunks than Pokemee.  

A large bowl is $14, consists of 4 scoops of proteins, 3 scoops of sides, and any toppings your heart desires.  The spicy tuna counts as a side and not a protein, so you get even more sushi grade fish for the price.  There is also no extra charge for tamago and avocado, and bonus point for having kimchi.  The Tom Yum sauce was very flavorful, but I was hesitant to marinate it with the raw fish.  I would much prefer a simple ponzu (not offered here) with the raw fish and then having a rich mayo based sauce on the side for some extra kicks.  My critique would be to add ponzu sauce and get some sturdier bowls.  A large poke bowl here can get quite hefty and the workers were having some trouble picking up the flimsy bowl without spilling the contents.",date_night,0
"Categories: Cocktail Bars, Restaurants, Bars, Tapas/Small Plates, American (New), Lounges, Seafood, Spanish, Italian, Nightlife, Mediterranean | Review: My wife and I were married on June 8th at the Santa Barbara Historic Courthouse several blocks from the restaurant. After reviewing several choices in the area, Cadiz was hands down the best choice for us. The manager, Messina, was extremely flexible with us and our plans and went far above and beyond to help us make our dreams come true. The ambiance and decor were beautiful. The drinks were strong and I dare say the chicken and steak were one of the best I've ever had! Words cannot express how grateful we are to Messina and to the staff that put so much love and care into making the evening special for us. We have plans to go back as soon as we can! Easily the best experience I've ever had at a restaurant. Huge shout out to Messina, and we hope to be back soon!",upscale,4
"Categories: Seafood, Venues & Event Spaces, Cocktail Bars, Restaurants, Nightlife, Breakfast & Brunch, American (Traditional), Event Planning & Services, Bars, American (New) | Review: I came here solo for lunch around 1:00. I was seated immediately in the bar area downstairs. A man took my drink order right away. He also noticed my table was a little wobbly so he brought a wedge right over and fixed it. My server came by within minutes as well. I had the fish tacos with crispy cod. OMG it was delicious. The tortilla chips and black beans it came with were also superb. They also being 3 different bottled sauces. Since I'm a wimp I had the verde sauce on the tacos and used it for a dip. It was sooo good. Perfect place for lunch and the service was top notch!",date_night,0
"Categories: Seafood, American (Traditional), Breakfast & Brunch, Restaurants | Review: I would have given this place more stars for the service. Our waiter, Everdardo, was very kind and attentive, as was the rest of the support staff.

However, the food didn't taste as fresh as I would expect from a restaurant on the Pier. I ordered the Combo Fish and Chips with Shrimp. It comes with a piece of fish and 4 shrimp, with Cole slaw and and fries on the side. The fries were good, the Cole slaw was average. My issues were with the shrimp and fish. The first shrimp was OK but the second one I got was just so gross that I had to spit it out into a napkin and I couldn't eat the other 2 shrimp. The fish was extremely fishy. I know that sounds stupid but if you are a fish eater you understand. It tasted like it had been sitting in a fridge for a while and wasn't fresh. Now I feel sick and hungry. Which brings me to price. its was $18 for my meal, which is a bit pricey for what it is.

Bottom line, I wouldn't recommend the fish/shrimp and chips here. My family seemed to enjoy their sandwiches though.",family_friendly,3
"Categories: Diners, Salad, American (Traditional), Breakfast & Brunch, Restaurants | Review: We've had poor service and cold food on our visits, all at a steep price for what you get. They seem to live on the waterfront tourist trade, with little draw for the locals. I was hoping it would satisfy my nostalgic craving for the Sambo's that I loved visiting around the country in my youth, but no such luck. Disappointing.",family_friendly,3
"Categories: Cafes, Restaurants, Sandwiches, Chicken Shop, Salad, American (New), Burgers, Breakfast & Brunch | Review: Got the Ahi Tuna Salad and the Earth Burger! Soo good! The salad dressing and salad was my favorite. The burger was flavorful too but the patty was a but too squishy for my liking. But the food is good price for a filling meal. Also the proceeds go back to the community which is amazing",trendy,5
"Categories: Coffee & Tea, Food, Bakeries, Coffee Roasteries | Review: Rachel and Tim make their customers feel so welcome and at home! Most importantly, the coffee is amazing. Definitely a plus that they source their pastries from local businesses! #SupportSmallBusinesses",study_spot,1
"Categories: Restaurants, American (New), Bars, Nightlife, Seafood, Breakfast & Brunch, American (Traditional), Desserts, Food | Review: GREAT FOOD, FRIENDLY SERVICE
I can't begin to list all that makes this restaurant worthwhile, but I will try:

The staff are friendly and love being there! They are ""like family"" as was explained
They REALLY care that you are happy and enjoying your meal
They are very specific in making your food/coffee EXACTLY how you like it- special requests are honored Mitchell made me the best dry double shot cappuccino ever!
I stayed for three days and ate exclusively there The halibut and cous cous was excellent, followed by baked chocolate cake with vanilla gelato and white chocolate crumble, amazing berry herbal tea, yum.
Day two, Risotto indescribleably good!!
Day three, Roasted chicken with pearl onions red bliss potatoes and long beans , breakfasts were organic eggs fresh baked bread fresh berries maple smoked bacon and the best hash browns I've had, yogurt with granola and berries, and cast iron baked eggs with spinach and potatoes (like a quiche) very good!

getting hungry?
Head over to OUTPOST, see you there!",upscale,4
"Categories: Bars, American (Traditional), Restaurants, Cocktail Bars, Nightlife | Review: They accept PayPal!! The food was decent.  I was really hoping the famous macaroni and cheese would blow me away and it really didn't.  It was okay, but it lacked some flavor and I can do better at home.  The facility is large and I liked that. Lots of seating and great views of the TVs for ball games.  Good craft beer selection but the ones I tried were all a bit too hoppy for me.  Overall, it was a passable lunch spot.",trendy,5
"Categories: Restaurants, Food, American (New), Wine Bars, Nightlife, Venues & Event Spaces, Bars, Event Planning & Services | Review: Jane is so good! It's my boyfriend's favorite restaurant so we go for pretty much every special occasion. Every server we've had has always been friendly and professional. The food always comes to the table in a timely manner and is hot. The upstairs seating area is so cute and the chicken piccata is the best I've ever had. 

Definitely better to have reservations than to be a walk in as they've been busy every time we've gone.",upscale,4
"Categories: Seafood, Venues & Event Spaces, Cocktail Bars, Restaurants, Nightlife, Breakfast & Brunch, American (Traditional), Event Planning & Services, Bars, American (New) | Review: Don't order the scallops with risotto unless you like being ripped off. Only $29.50 for 3 medium scallops over a boatload of risotto. Tastes good, just a really chintzy portion!",family_friendly,3
"Categories: Breakfast & Brunch, Diners, Restaurants, American (Traditional) | Review: Good breakfast and lunch in an intimate, cute environment. Make sure you're in no hurry when you come here though. Service is friendly but rather slow. 

On this trip I noticed a couple updates to the menu. They now offer several gluten-free specials and a small selection of local beer.",family_friendly,3
"Categories: Arts & Entertainment, Food, Bars, Nightlife, Wine Bars, Wineries, Wine Tasting Room | Review: We were suggested by Martin Brown @ Kalyra to pop in here and were glad we did.  (When we originally passed it, we didn't even realize it was a tasting room at the time.)  Apparently, this concept was a combination of different vintners coming together and they have done a great job in what they do.  The wine pourer was friendly and, although it was strangely unpacked (It was a Friday and there were also only a handful of people that entered Kalyra while we were there earlier), we definitely can see this place as a hit.

Bottom Line - Another fun spot to hit when in the ""funk zone""/on the urban wine trail. =)",trendy,5
"Categories: Restaurants, Mexican | Review: Best fresh homemade salsa on Linden in Carp. Lunch and dinners always are good. Authentic, long time local Mexican food, sixteen years.

Funky old school, nice local family. Small and cozy. 
There are always lunch and dinner specials on the sign in front. Check it out. 

Local home made flavors, no worries here. 

Yumster.",casual_hangout,2
"Categories: Restaurants, Mexican | Review: A recommendation. A very good one! I hear the Gorditas are great, but I went with the adobada (adovada?) sope. Well seasoned fresh, and quality meat. A little pricey for one item with no sides or drink, portion was very nice though. They have a small salsa bar as most places should have. Small interior, seating about 10, very clean. Quick service, if I lived closer I'd come here a bit more to try the other goodies. I hear the tacos are great as well. 

Where I was raised sope is one of my fav dishes. My new home in Los Angeles county turned me on to adovada (adobada?). I don't know which is the correct spelling, I'll look it up. Since I love those two things I decided to get this combo. This version of this dish and meat prep are drastically different than what I am accustomed to, but that's not a bad thing. You won't regret eating here.",casual_hangout,2
"Categories: Restaurants, Bakeries, Breakfast & Brunch, Food, Coffee Roasteries, Coffee & Tea | Review: I think the coffee here is not only delicious, but it is super strong. It is nice to get a strong cup of coffee that keeps you on your toes all the way until 5p.m. I recommend the red eye, very strong. Very friendly customer service, Axxess card discount, lots of seating for work/studying and wifi! Love this local roasting company!",study_spot,1
"Categories: Event Planning & Services, Nightlife, Tapas Bars, Spanish, Modern European, Bars, Cocktail Bars, Seafood, Venues & Event Spaces, Restaurants | Review: I've eaten here three times (spread out since last November til this week.) It's been consistently excellent in both service and food as well atmosphere. 

What I liked about the place aside from the food is that it's just as good of a place to go for a first date as it is for an anniversary or a work dinner.  When you stop to think about it, few places in town are honestly really that versatile in terms of atmosphere. 

The food is amazing. So much to choose from (though, I'm afraid my vegan and vegetarian friends have a much shorter list to choose from) and each choice seems like perfection. The wine list is comprehensive and reasonably priced, all things considered. 

The service is what service should be, in my book. They're super friendly, not overbearing and they KNOW their own menu so they can make good suggestions if you're at a loss or overwhelmed by choices! 

Bottom line: A rare restaurant in SB that is actually really, really good all around. Good for tourists and locals alike with great food every.single.time.",date_night,0
"Categories: Seafood, Venues & Event Spaces, Cocktail Bars, Restaurants, Nightlife, Breakfast & Brunch, American (Traditional), Event Planning & Services, Bars, American (New) | Review: During these COVID times we are eating on sidewalks of busy street and patios being set up on side streets. This should be a red flag during normal times but right now, somehow this place pulls it off and makes it still seem warm and inviting. We had a reservation for 8. Arrived a few minutes early and checked in. This place was busy, 90 minute wait if you didn't have a reservation. We were seated within 10 minutes. We were seated on the side of the building, on a side street, that was roped off. The makeshift patio had large flower pots and patio heaters.  The lighting was perfect. 
We stated with oyster on a half shell and calamari fritti 6 oysters 2 types of oysters. The oysters were really good. The calamari was good, it probably could have used 30 seconds more in the fryer. I like mine with more crunch, but the calamari was seasoned perfectly and the aioli was really good. 
My daughter had the fisherman's platter. Whitefish, shrimp and scallops served with fries and coleslaw. She loved it. Her friend had the lobster Mac and Cheese. It was the bomb. The top had a toasty panko crust, the Mac and Cheese remained creamy underneath. A really solid dish. I had the lobster roll with chips. The roll was amazing. Nice big chunks of lobster and bread. It was really good, the bread was soft but held up to the lobster. The sandwich had a ton of lobster. 
Overall a great experience. Would definitely recommend to everyone. They have a burger, steaks and chicken on the menu for the non fish eaters.",upscale,4
"Categories: Breakfast & Brunch, Venues & Event Spaces, Peruvian, Event Planning & Services, Bars, Nightlife, Latin American, Restaurants, Cocktail Bars, Seafood, Tapas/Small Plates, Mexican | Review: As a long time local, I was beginning to think this location was a curse for restaurants. It's kind of off the beaten path, etc..... Well that was just the excuse I made for the previously subpar restaurants that have inhabited this space.

The food is excellent. We tried several things off the menu and there wasn't one thing out of six we didn't LOVE!! We agreed the ceviche trio was hands down THE BEST thing. 

However on a return visit we discovered they don't offer it as a lunch item. In fact a lot of the star items that we ordered on our dinner visit weren't available for lunch. 

The service was pretty bad all three times we've been. If it wasn't for the delectable dinner menu items, we probably wouldn't have been back.

However, the outside patio ambiance made up for our novice servers. BUT..... This place isn't cheap, so they need teach their team some solid service skills. But if you're not in a hurry, this place is a gem. The turtle pond is a bonus. 

I'll be back for dinner when I have an evening to linger and I'm in no rush. also, I'm a tapas style love. I don't like big portions. My favorite thing about this place is that the items are designed for sharing. They are small but substantial, and allow you to order a lot of different things to share with your dinner companions. Most plates are ideal for a party or family of four. 

Sitting on the patio almost transports you to another time and place..... For locals looking for an easy getaway from a busy life..... I highly recommend this place. Bring friends. Drink margaritas. Don't be in a hurry.",date_night,0
"Categories: Cocktail Bars, Fish & Chips, Nightlife, Seafood, Restaurants, Bars | Review: As a first time visitor to Santa Barbara, this was a great place to start our trip! The view is incredible, and the food and service were also fantastic! Ryan was a great bartender and gave us so many great suggestions. The  clam chowder rivals the chowder in New England! Definitely check it out!!",trendy,5
"Categories: American (New), Pizza, Pubs, Nightlife, Bars, Restaurants, American (Traditional), Breakfast & Brunch, Beer Bar | Review: Great vibe with excellent staff. I came here based on some of the reviews and had my mind made up on what to order before I showed up. I decided to have a light dinner of appetizers and beer; and I ended up leaving pretty full and happy without breaking the bank.

I'd definitely recommend the Brussels sprouts; they're cooked with onions and bacon for an amazing flavor. Even though the wings were tasty, I'd skip them next time because I'd question the birds they got them from due to the size and the ranch dressing seemed thinned out. Don't get me wrong; they were good, just not the best deal on the menu.",family_friendly,3
"Categories: Delis, Gluten-Free, Fast Food, Salad, Sandwiches, Restaurants | Review: Nice little deli near shopping district.  Seating inside or outside but limited.  Had a Pickles and Swiss Sandwich.  Wife had Veggie Sandwich.  Great!",casual_hangout,2
"Categories: Restaurants, Nightlife, Mexican, Bars, Cocktail Bars | Review: All I can say is the the view of the beach and the amazing food they make... is delicious.  Heat service as well. I was blown away. I'm usually picky about this food type but it surprised me on how flavorful it was. Not to mention... if there's a bit of a wait. You can always walk around the corner and grab a drink.",late_night,6
"Categories: Restaurants, Vegetarian, Tex-Mex, Sandwiches | Review: Have been to this location many times for lunch.  Usually get the Old Town salad which is good.  But tonight, food was awful!!  Maybe a new chef...but I hesitate to call the cook that.  Had veggie quesadilla.  Did it have any cheese at all?  Less than al dente veggies--so hard, no flavor, except overpowering spicy sauce of some description that had to come from a can. Awful.  Lukewarm potato cream soup..which hostess had suggested. Now, over 2 hrs. later, STILL too much salty leftover taste.  Hunk of tasteless bread, made partially better by totally dunking in the soup...ugh.. Husband had a Cobb salad...asked for it tossed, so had to send it back to toss.  Basically tasteless.  Lots of lettuce, not much else.  Noisy, hard benches.  Do not go if U want any semblance of relaxation at evening.  I sit outside at lunch time, and it's okay for a quick bite.  Felt totally ripped off and will not return ever for dinner, regardless of the easy parking and access.  Actually went to McDonald's (where we haven't been in probably 10 yrs. or more!) to get an ice cream cone to remove the taste of the dinner.",casual_hangout,2
"Categories: Wine Bars, Bars, Beer Bar, Nightlife | Review: I was so sad that they were not serving frozé! :( I saw all the Yelp pictures and drove out a little further just to have one! I'm sad there was no therapy for me! :/ 
Lol so even though we weren't hungry, we figured we eat something and drink whatever since we were already here. 
I ordered the peanut butter bacon jelly something burger, something like that ask about it. I really enjoyed the kale salad that came along with it. I had some vino and ordered a few rounds. Service was great, place was clean and the vibe is good. 
Sadly, it wasn't frozé all day for me.",date_night,0
"Categories: American (New), Food, Breakfast & Brunch, Restaurants, Bakeries, Coffee & Tea | Review: Stumbled on this walk up order and take a seat breakfast/bakery. Perfect portions - we shared the California omelette and Belgium waffle plates. Seating outside is nice and the place isn't too noisy. The restaurant was full but we were served within 10 minutes. Great breakfast!",study_spot,1
"Categories: Cocktail Bars, Fish & Chips, Nightlife, Seafood, Restaurants, Bars | Review: Great service!  Clam chowder better than what I have had in Boston.  Fish and Chips light and crispy.  Incredible view!  Great for solo eaters as they have a fantastic bar overlooking the harbor.  I will be back!",trendy,5
"Categories: Restaurants, Chicken Wings, Sandwiches, Breakfast & Brunch, Pizza, Burgers | Review: We really want to like this place. We have been here about 5-6 times and the food is really good. Our troubles have been with the inconsistency in quality of service. A couple times I waited north of an hour for a carry-out order, which was incorrect once we got it. Other times we were unable to even connect with them on the phone to place an order. We also had a bad experience with the food being poorly prepared...just really sloppy and only a few items of each ingredient...very inconsistent with what we had before. If this place can get their customer service in order, we will probably keep coming back, because the food is really good.",casual_hangout,2
"Categories: Steakhouses, Cafes, American (Traditional), Seafood, Breakfast & Brunch, Restaurants, Sandwiches | Review: Great place to get a traditional breakfast.  My eggs, bacon, hash browns and toast were cooked perfectly.  The service was fast and friendly and the coffee was strong.",study_spot,1
"Categories: Restaurants, Burgers, Sandwiches, Pizza, American (Traditional), Breakfast & Brunch | Review: On a road trip with family and was looking for breakfast near Santa Barbara. We went to Home Plate and had a great meal- French toast, huevos rancheros and a egg and pancake bacon breakfast. We were able to sit outside of restaurant - they have some tables spaced out in front. We were able to enjoy our hot meal. The staff checked on us a few times and were pleased with everything. We would definitely go back and happy to support this small restaurant.",family_friendly,3
"Categories: Restaurants, Mexican | Review: Who gives a donkey shit that some old bag who loved terrines and ugly dresses thought this was the best Mexican food around. 

And honestly the line of food tourists and middle age SB locals outside is quite obscene. Go back to your Costco cookies, frappuccinos and lobster bisque.

Anywho--the handmade tortillas are the kind of foodstuff that people dream about, and each taco creation is spectacularly fresh and unique.  This is unlike any ""tacqueria"" I have ever been to.  

Note--No burritos.  Know what you are going to order before getting to the window inside.  Once inside the menu is directly to the right, and then you only have a minute or so to solidify your choices before ordering.  Don't hold up the line being some hem and haw douche bag.",casual_hangout,2
"Categories: Steakhouses, Cafes, American (Traditional), Seafood, Breakfast & Brunch, Restaurants, Sandwiches | Review: Joe's Cafe is the best place for cocktails in Santa Barbara hands down. Saying their drinks are strong is an understatement. You can get your night started on just one or two of their drinks. Their bartenders are friendly.

The ambiance is simple yet elegant, and there is always plenty of room to sit and have a conversation. Start your night off here and you can't go wrong.",upscale,4
"Categories: Breweries, Restaurants, Sports Bars, Nightlife, American (Traditional), Food, Bars | Review: Had the fish & chips at 8:00 PM. Edible, but certainly not memorable. Looked like the cooking oil was old & cold. My wife's salmon salad was mediocre as well, cold and unremarkable. It also seemed to take much longer than it should for food of this quality to make it out of the kitchen.",trendy,5
"Categories: Wineries, Food, Breweries, Nightlife, Bars, Arts & Entertainment, Champagne Bars, Pubs, American (New), Brewpubs, Restaurants | Review: Happened upon this place while vacationing in SB.  Great food and beers...we'll be back.",trendy,5
"Categories: Tuscan, Seafood, Wine Bars, Restaurants, Bars, Nightlife, Italian | Review: One of best affordable Italian restaurants in town!  

We've been coming here for over 8 years now.  The food and service here is always good.

We love the:

GRIGLIATA D'ASPARAGI 
Grilled asparagus, wrapped with pancetta, Parmesan, balsamic vinegar.

CIOTOLA DI MARE 
Fresh clams, mussels and shrimp in a tomato and saffron broth.  I usually get two servings of this for my dinner--the best!  Or you can get one serving with pasta.

RAVIOLI AL BURRO E SALVIA  
Pasta pillows filled with spinach and ricotta with browned butter and sage sauce.

We've tried various items on the menu and have yet to be disappointed.  Everything from beef, chicken to fish.  You can't go wrong here.",date_night,0
"Categories: Cafes, Restaurants, Sandwiches, Chicken Shop, Salad, American (New), Burgers, Breakfast & Brunch | Review: Great place for a quick and healthy lunch/dinner. I saw an ad in our hotel guide book and decided to give them a try. I ordered their burger and my travel companion ordered a pasta dish. Both of us were quite satisfied with our plates and knowing how many calories we were consuming didn't leave us with a guilty conscience.If I lived in Santa Barbara (I'm in NorCal) I'd eat at this place quite often. It's very easy on the wallet and the dishes are pretty tasty, filling and not as expensive as other eateries in the area.",casual_hangout,2
"Categories: Food, Breweries | Review: Best spot in the funk zone. Rad scene and cool bartenders especially Cory and Lyle. Everyone is always having a good time. Great beer as well. Also when you open a tab they give your credit card right back instead of holding on to it. This is fantastic for someone like me who leaves his credit cards at bars every weekend. Thanks so much.",trendy,5
"Categories: Restaurants, Nightlife, Mexican, Bars, Cocktail Bars | Review: This restaurant, hands down, has the best complimentary chips and salsa I've ever had. This alone would make me want to come back! The green salsa is surprisingly creamy yet still hot. I'm still thinking about the chips as I write this post. 

The tacos de camaron were amazing as well. The shrimp included in the tacos were almost the size of my palm!! They were very generous with the amount of shrimp per taco too. The rice was alright--definitely not the highlight of the show but did it's job.

The taquitos de pato en mole coloradito was (duck taquitos with mole) was definitely interesting. The duck was shredded and fried into taquitos, and the mole was slightly bitter. I'm glad we were able to try this but I'm not sure if we'll reorder again.

The esquites Mexicanos was delicious. The corn was perfectly seasoned with cojita cheese and sour cream. Definitely the fanciest esquites I've had. 

Overall a great experience! The food was satisfying and the service was friendly. I'd recommend coming while the sun is about to set so you can enjoy your meal with a beautiful view.",trendy,5
"Categories: Diners, Salad, American (Traditional), Breakfast & Brunch, Restaurants | Review: Iconic last holdout of former large national restaurant chain. Come for breakfast, prepare for a wait. Sunday 10 Am wait was only 1O-15 mins though. Splurge on the fresh squeezed OJ. Try the California Benedict. Tasty Coffee, Great breakfast overall! Will be back for sure !",family_friendly,3
"Categories: Seafood, Bars, Wine Bars, American (New), Restaurants, French, Nightlife, Mexican | Review: We liked this place the first two times we visited it. However, if three's the charm, it was not in this case. The waiter, Justin, was rude and aloof. Perhaps his girl dumped him the day we were there! Not sure...
When eating at a restaurant of this supposed caliber, one would expect a much better waiter with a much better attitude. The food was OK, but not as good as the first two times, and the menu is limited. 
Because the last experience we had there was so negative, we will not be going back, especially because we were there for a special occasion which was certainly diminished due to the poor service and lack of care given to the whole experience. 
Save your money and find another Santa Barbara restaurant!!",upscale,4
"Categories: Restaurants, Food, Breweries, American (Traditional), Brewpubs | Review: Although the food was decent and the beers weren't terrible, I still can't get over how indifferent the staff is.  The hostess almost acted overtly pissed that I said I was going to sit at the bar (I was dining by myself).  The bartenders, although not as pissy, were very pretentious, consistently making snide comments about different patrons to each other.  Most likely I will steer clear.

If you do make your way in,  the mussels appetizer was very good, and the meatloaf was better than most.


Edit Note--  a new to me bartender(female) helped me finish out the night and was heads and tails better than the others.  She was very knowledgable, friendly, and professional.",late_night,6
"Categories: Restaurants, Sandwiches, Nightlife, Bars, American (New), Cocktail Bars | Review: I recently went here to have dinner alone at the bar and I was very happy I did! The service is phenomenal and the drinks are delicious! I ordered the chicken sandwich which I would highly recommend with spicy aoli sauce. The atmosphere is lounge vibes meets classic american style and everyone who sat around me was so friendly. They also have their own parking lot so there is no worrying about space like other parts of Montecito.",trendy,5
"Categories: Restaurants, American (New), Seafood, Steakhouses | Review: What a treat! My husband and I looked for a romantic location for a dinner during our Santa Barbara stay, and The Stonehouse turned out to be exactly what we wanted. Delicious cocktails and dinner, more than professional and attentive staff, and a great romantic ambience. Definitely worth paying for a nice dinner to experience The Stonehouse and San Ysidro Ranch. The only thing we will do differently next time is come earlier to enjoy more time in the lounge or gardens before dinner!",upscale,4
"Categories: Restaurants, Bars, Caterers, Mexican, Salad, Event Planning & Services, Desserts, Food, Nightlife | Review: Average Mexican food.  Had a carnitas burrito, and it was amazingly small, half of the typical size of most places.  Meat was more just basic pork than the expected blend of soft plus crunchy diversity expected in carnitas style pork.",late_night,6
"Categories: Nightlife, Bars, Karaoke, Beer Bar, Restaurants, Mexican | Review: Just went here and I am extremely disappointed. First of all, I asked about the Carne Asada fries and I was told that they come with ""fries, CHEESE and steak"". That's fine, sounds normal. I decided I would rather get the Carne Asada tacos and I asked what comes on them, and I was told that it only comes with the meat. I asked if I could get lettuce and cheese and the cashier responded ""lettuce is at the salsa bar and we do not have CHEESE"". You do not have CHEESE? FOR TACOS? When I was told literally 10 seconds prior that they serve cheese on the fries??? I do not understand. So I proceeded with my order anyways, and I got my tacos and headed to the salsa bar. The lettuce is not lettuce, it is actually parsley MIXED with onions (???). They do not have lettuce by itself. Lastly, my receipt says I was charged $0.15 for ""1 Sorry"". I have no idea what a ""Sorry"" is, nor did I purchase one. I asked what this meant and apparently it is the sales tax, but on the receipt the sales tax was listed separately at $0.47. This place is a complete joke and might as well close down until they can get the ingredients necessary for tacos, as this is a taco place right? Terrible.",late_night,6
"Categories: Lounges, American (New), Burgers, Cocktail Bars, Bars, Sports Bars, Nightlife, Restaurants | Review: Great neighborhood bar with fun bartenders. They welcomed us with open arms, even if we weren't locals. Highly recommend stopping by for a few drinks and some fun.",trendy,5
"Categories: Seafood, Restaurants, Hawaiian, American (New), Breakfast & Brunch | Review: I was quite disappointed with the food. My husband and I came here for a romantic dinner. The location is stunning. Right next to the beach and views are amazing. I ordered a blood orange margarita and it didn't taste right. I asked them to put some additional triple spec in it and when they brought it back it tasted like water. I didn't even drink half of it. I ordered the ahi tuna with wonton chips off the happy hour menu. The tuna was good but the wonton chips were not crispy at all! Tasted stale. I asked them about it and the waiter said that they are room temperature and that's how they come! We then ordered a brownie sundae. How could you get this wrong? Brown was crunchy and not fudgey and ice cream tasted more like ice milk. My husband got the steak and he said it was ok. I know I won't go back here. Service was a bit slow too.",upscale,4
"Categories: Vegetarian, Gluten-Free, Food, Restaurants, Coffee & Tea, American (New), Vegan, Cafes | Review: The food was good, at a good price.  The staff are very friendly.  However, this was not the place for us.  It wasn't clear from yelp or the website that this is just a tiny little place with only 3 tables.  We were with our 3 year old and 18 month old and there were no high chairs... so the kids had to sit on our laps and we were barely able to eat our food.   It took a really long time to get our food, and I was confused about the order in which the food was coming out... a few people who were behind us actually got their food first.  
Also, apparently the tables are also considered community tables because some lady with no personal boundaries came and sat at our four top right next to my husband and talked to us the entire meal lol.   I would've given this place four stars, but I really think it should be made much more clear in the website to not take kids here.   If you're not going to have high chairs, you have to advertise that, because as a parent it is a total nightmare to be surprised by something like that.  
I guess I was just disappointed because it was not at all what I expected based off of what I saw on yelp when I picked the place out. Also, I have no idea why yelp says this place is ""good for groups.""   The place could probably seat 12 people TOTAL (not a group of 12) if you're lucky.   Yelp seriously needs to revise its specifications for this restaurant.",study_spot,1
"Categories: Restaurants, Fast Food, Mexican, Tacos, Burgers, Breakfast & Brunch | Review: SAVE YOUR SELF THE TRIP HERE BECUASE THEY SUCK! 

I lived in a few towns here locally and have trieds several different jack in the cracks, they are my favorite but this one should even be called Jacks. It actully made me change my prefference to Carls jr. I love the tacos but dont go here for them unless you want to be grossed out. Ever time I think service here might have gotten better I always end up dissapointed. I love jacks tacos, just not from this jack in the box. to top if dont complain to those that work their unless you want to be looked at funny or have a worker try and defend themselves like your attacking them. Im just letting you know no need to get all defensive, just fix the issue.

I decided to complained to corporate about there refired tacos and how thier service was horrible. it has happened one to many times, im just fed up with them. The tacos stale and dark brown, not sure if its the oil or they just over cooking them or what ever the issue is but they are not suppose to be like that. icing on the cake, they even forgot to put my chicken sandwhich in the bag and my jalepeno poppers. ok, my mistake for not checking the bag, but that shouldnt be my job. I should get discounted price if i need to check the bag thats like half the work.

When I called corporate they sent me one coupon for my item two weeks later. I was like wow great im going to go back for my combo meal that I order, nope i was mistaken. the manager said it was one only for one item WTF MATE i paid 7 buicks for a spicy chiken combo and you give me a voucher for an item that wont cost over $3.50?. How to they expect to keep my business if they only give me a voucer for one item when my whole meal was ruined becuase I had to go back and forth to pick up the items they forget. gas is not cheap in SB and thats taking time out of my day for a lame inconvience.  

Oh and another thing NAT FLIES by the drinking area is gross. I think the only reason why this location stays open is becuase the college kids dont care, they go in drunk on a late night and keep this shameful bussiness going... Im writing a formal compliant to the heath inspector, lets see if that changes anything. New management or workers? Yes, Please either will be fine!!!!!",casual_hangout,2
"Categories: Restaurants, Chinese, Nightlife, Burgers, Pizza, Asian Fusion, Ramen, Cocktail Bars, Dim Sum, Bars, Pubs, American (Traditional), Japanese | Review: At Last, Santa Barbara has a wonderfully new restaurant that truly offers extremely delicious Ramen.  This is coming from someone that lived in New York City for six years and grew up in The Washington D.C. Area and has been to the top Ramen Shops in both cities often.  I moved to Santa Barbara in 2003 and quickly realized that Ramen would not be a weekly dining option as it was when I lived in the East Coast.  My love for a delicious bowl of Ramen was put on hiatus as I explored my new city and enjoyed what this city had to offer.  I adapted quickly and found my new dining staples, The Shellfish Company, The Santa Barbara Chicken Ranch, Arrigato, The Boathouse, and City Kitchen(I miss you so much!).  Fast forward to March 2016, and I now have Yankee Noodle in my top 6 must support restaurants.  Let's start with Yankee Noodle's service.  When you come to Santa Barbara from restaurant rich cities like Manhattan and D.C. you have to realize that you are simply not going to get consistently good service that's offered in these cities, simply because Santa Barbara can't sustain service industry professionals.  Therefore, the restaurants mostly hire college students.  That being said and having adjusted my grading of service accordingly, I was impressed with the staff of the newly opened restaurant.  They all were very friendly, made me feel welcome, and offered great suggestions on drinks and dining options. Anyone who knows me will tell you that I ask a lot of questions. I had a really nice conversation with the Bartendar, Mirch, about the high quality Beer, Sake, and Cocktail offerings on the menu. Mitch the Bartender came to Yankee Noodle from The Goodland in Goleta.  I started with the ""Lemon in the Grass"" cocktail.  It's Lemongrass infused Vodka with Ginger and Kumquat syrup. It was the perfect start to my dining experience and gave me something to savor while I examined the very unique menu.  For my first dish, I choose the ""Umami Fresh Corn off the Cobb"".   I enjoyed every spoonful of the r.  Next I had the ""Rich Savory Smokey Pork Broth"".   The Broth is hearty, rich, smokey and buttery delicious.  The noodles were authentic and perfectly prepared in soft and chewy Al-dente style with big egg flavor.  You can definitely taste the complexity of flavors from the broth that takes 24 hours to make.  The toppings it came with were excellent.  The Chasu (Pork Belly) was prepared nicely. It was an ample portion that I greatly enjoyed and the cost $12.95 was typical of what you'd find in a top Ramen shop in NYC or D.C.  I took home leftover Ramen and it was just as enjoyable heated up on the stove the next day.  Yankee Noodle occupies the former Space of Union Ale.  They did a nice job on the conversion.  They fashioned a community table from a ""Chop Suey"" sign that was from a Santa Barbara Restaurant on State Street in 1949's.  It's a great lunch spot while enjoying the Funk Zone or dinner spot Apres Wine with friends or solo.",date_night,0
"Categories: Cocktail Bars, Fish & Chips, Nightlife, Seafood, Restaurants, Bars | Review: We keep coming back.  Must visit restaurant when we are in Santa Barbara.  Great service. And friendly wait staff.  Quick to service and they check back frequently.   I had blackened sea bass.  Absolutely great!! And great coleslaw. Along with their clam chowder.  Great Place.  I don't think you can go wrong here",trendy,5
"Categories: Coffee & Tea, Food, Ice Cream & Frozen Yogurt, Restaurants, Cafes | Review: Really wanted to love this place.. We were greeted by really rude and unhelpful workers. epitome of a california accent, but you could at least do a customer service voice to sound like you enjoy your job. my latte was a$$ and the avocado toast was sub par. i got a vanilla latte and it tasted like instant coffee that was brewed in the same room as a bottle or vanilla extract. the bread was a little soggy and the avocado did not seem fresh. you're  better of at dunkin' donuts. lighthouse is so much better and worthy of your money.",study_spot,1
"Categories: Bars, Mexican, Nightlife, Restaurants | Review: HAIR IN 3 SEPERATE  PLATES! Food is great gone like ten times but the new young cooks hair ended up in my chips a side plate of peppers and a salad so just look at your plates good.",late_night,6
"Categories: Korean, Restaurants, American (New), Mexican, Tacos, Nightlife, Fast Food, Bars | Review: Excellent tacos. I got four tacos, and with their Triple Play deal, you can get three tacos for only $9, which is a great deal, considering some tacos are $6 (I think $6 for Ahi Tuna tacos are still a great deal). They're not skimpy on the fillings, and they taste great. 
They are also super fast!

The man at the register is sweet and very nice. 

Also, they must have great customer service because I saw someone complain that they got the wrong taco, and they re-made it quickly. Not only did they re-make the taco for them, but also someone from the kitchen came out, apologized and handed the tacos personally despite their usual ""[name] your order is ready"" announcement.",casual_hangout,2
"Categories: Bars, Mediterranean, Burgers, Restaurants, Gastropubs, Nightlife, Whiskey Bars, Cocktail Bars | Review: This an amazing place just off of state. Real middle eastern food, best you can have in CA!!",late_night,6
"Categories: Korean, Restaurants, American (New), Mexican, Tacos, Nightlife, Fast Food, Bars | Review: Our favorite Santa Barbara tacos. We love the triple play-three tacos of your choice for $9. We love the fish taco, bahn mi and crispy taco combination. 

The ahi taco is out of this world too. Tough taco decisions, but so good!

The people taking the orders are quite  unfriendly, but thankfully you don't have to deal with them much.",late_night,6
"Categories: Desserts, Food, Gluten-Free, Burgers, Restaurants, Italian | Review: I've eaten at the Goleta location twice since it opened, once for lunch and once for dinner, and really enjoyed it both times.  The food was delicious and the prices are reasonable.  I think this will become a go-to place for us when we want Italian food.",casual_hangout,2
"Categories: Bakeries, Food Trucks, Food, Cupcakes | Review: The best cupcakes I have ever had is from Enjoy Cupcakes in the Santa Barbara Public Market downtown. They have mini cupcakes for $2 each and you can get one of each flavor (6 flavors) for $10 that comes in a cute little mini egg carton. Enjoy Cupcakes never gets boring because they change their flavors often and I have yet to try a single one that is a miss. From the Chocolate Malt sprinkled with tiny bits of In 'n Out fries to Chardonnay and the Neapolitan, the flavors can never go wrong. The problem with many cupcakes is that they're too dry and they crumble at the touch. But Enjoy Cupcakes are always perfectly baked and the gooey fillings on the inside keep it moist and scrumptious. The location is also perfect; the Public Market is a hip little indoor place with a few other good eateries like the Thai restaurant and the unique ice cream shop that I have yet to try.",trendy,5
"Categories: Restaurants, Italian | Review: This restaurant came highly recommended by a friend who travel a lot.  Once again, he nailed it.

Just off the beaten path of State street, this quaint restaurant proved to be worth every penny.  With an award winning wine list, this Italian style eatery was exceptional in every way.  All waitstaff had genuine Italian accents and paid attention to every detail.  The good was fresh, flavorful and prepared to perfection.  The beef tenderloin on a potato tart was excellent with good sized portions.   

At the waiters suggestion.  We had chocolate banana pudding for dessert, which was more like a cake.  It melted in our mouths and is a Chocolate lovers dream.  

Start to finish a fantastic experience for two with one glass of wine. $130 but worth it",date_night,0
"Categories: Delis, Gluten-Free, Fast Food, Salad, Sandwiches, Restaurants | Review: This place is on an poppin in downtown Santa Barbara and we came at the right time before the line behind us was out the door. I decided to make my own sandwich and got pastrami on sourdough with pickles and mustard. 

My girlfriend got the turkey club and it looked really good. With a bag of chips each, a strawberry lemonade and a classy glass bottle of coke, we took it outside and ate happily in the sun.",casual_hangout,2
"Categories: Restaurants, Cafes, Breakfast & Brunch, Bakeries, Food | Review: I don't usually review but I'm pretty hangry and after 45 minutes and $30 for 2 salads DO NOT EAT HERE! They were way overstaffed and my $15 salad was a pile of yellow romaine lettuce missing avo with bland dressing (and skimpy with other toppings) . With so many awesome options for salads and sandwiches in this town, save your money and go someplace else!",study_spot,1
"Categories: Steakhouses, Cafes, American (Traditional), Seafood, Breakfast & Brunch, Restaurants, Sandwiches | Review: Left a ton to be desired, showed up at the bar, Offered a drink after 5 mins of being here. Finished the drink and once the bartender showed up to ask me how it was, I was finally able to inquire about food. This was about 20-25 mins into sitting at the bar. Finally got the food, never asked how it was until I finished it. Then sat around for another 15 mins after my food and last drink where clearly done to even get a check. Save the time and energy and go to Jack in the Box, better service and you won't pay a ton. Surprised this place has lasted since 1928. I wish I could tell you the restaurant was full and he was slammed but maybe half full and the time I was waiting for the check, I was the only one at the bar.",study_spot,1
"Categories: Cafes, Burgers, American (Traditional), Tacos, Seafood, Restaurants, Mexican | Review: I used to live in those condos overlooking Ledbetter Beach so it was an easy hop to Shoreline Beach Cafe.  I also spent my summers in SB while growing up on a boat in the harbor so hit this place up with my parents frequently.  

We would usually grab shrimp or fish tacos to go (it's a lot faster) and take them to our beach towels away from everyone else.  But once an adult, on a nice afternoon, we would eat outside at the tables and order a few cocktails or beer and some apps.  It can get really busy here, so if you don't want to wait, hit up the takeout bar.",casual_hangout,2
"Categories: Food, Italian, Pizza, Fast Food, Gelato, Chicken Wings, Sandwiches, Salad, Restaurants | Review: SUCKS FOR CELIACS!
I love pizza and as a celiac (who CAN NOT have ANY gluten) have been thrilled that more and more places are offering gluten free pizza. Although they offer a gluten free dough at Persona, none of their practices reflect any awareness of cross contamination. They place the pizza in the oven on the same stone as all other pizzas even though there are trays available inches away. Then when I asked the black bearded douchebag operating the pizza oven if they take gluten free precautions he assured me ""Oh yes, I thoroughly clean the oven...it's my job blah blah blah"" As I watch him using the same oven surface without a tray, same tools everything and thoroughly contaminate what could have been gluten free pizza. To top it off it appeared that some follow up comment from BBD seemed to amuse the staff as I walked out. Wonder if it was gluten related. I get that a pizza place is not the safest place for a celiac and it may be a pain to accommodate. So maybe just don't even offer gluten free dough or like Dominoes use a major disclaimer that you can't guarantee it to be allergy safe or learn decent practices. Also, according to those who ate it (who are used to eating gluten free with me) the dough sucked anyway, chewy and rubbery. Guess I'll be keeping loyal to Pizza Rev from now on and suggest other celiacs do the same.
*Wondering how visible this review will be since I know poor reviews can get buried, for a price.",casual_hangout,2
"Categories: Nightlife, Bars, Cocktail Bars, Food, American (New), Desserts, Restaurants | Review: The Lark is really as good as it gets. Great atmosphere and right in the middle of the funk zone. The food was amazing. We had the cheese fritters, burrata, deviled eggs, crispy brussel sprouts and the Pork Chop and I would order them all again.",trendy,5
"Categories: Nightlife, Restaurants, Steakhouses, Bars, American (Traditional) | Review: Eating at High Sierra (at sea level) is like eating at a Denny's with a bar.  Outside of restaurant has no landscaping and the interior is horrible. It looks like amateur decorator failed attempt.  We sat at a booth where half of the table was in glaring 80's track lighting and the other half of the table was in TOTAL darkness!  Really?!  We asked why was the lighting was so bad ? And we needed a different table.  The waitress was perplexed and had to ask a manager for help.  The food was terrible.  Ribs were obviously smoked on premises, yay! But hopelessly dry and over cooked, BBQ sauce too sweet.  Chili was terrible, as was the side salad and garlic bread.  Bacon cheeseburger was good but not special.  Tastes like they are cutting a lot of corners and not cheap as it should be.  Too bad for Goleta.",late_night,6
"Categories: Seafood, American (New), Sandwiches, Steakhouses, Restaurants, Bars, Nightlife | Review: Lemon grass salmon. Delicious. Very comfortable with great service. We stop here the 3-4 times we come to Santa Barbara. We look forward to it each time.",upscale,4
"Categories: Seafood, American (Traditional), Burgers, Bars, Nightlife, Restaurants, Cafes, Sports Bars | Review: In my opinion preferable to Brophy Bros. No complaints from me! Drinks are fantastic, food is good and service is great! Live music, the harbor, indoor/outdoor seating, just a few of the things making this the perfect destination for a chill but fun dinner out. 
ADDED BONUS I just found out this restaurant will be one of the few to pioneer the way to no straws and eliminating one use plastic waste. Take the time, look into the cause and statistics of plastic straw use. It is such a small sacrifice for such a huge impact. 
Help make our oceans a cleaner healthier place.",late_night,6
"Categories: Coffee & Tea, Food, Bagels, Breakfast & Brunch, Restaurants | Review: Congratulations Jack, you are famous!   

I had a few minutes to nip in and grab a bagel and shmear so I went to Jack's   My son had burned 9 gigs of my iPhone data the first six days of the new month so I am always on the hunt for Wi-Fi to keep my bill under a grand!    No Wi-Fi? thanks Jack!   I am always surprised by places like this with no internet!   They told me it keeps college kids away.   Is that their goal?  To keep people away?  Oh well, it will keep me away, others too.   

Since I couldn't use my phone I figured I would just watch golf or whatever was on the TV.  Oh it was an infomercial!  About acne.   Ewww eating my bagel watching pimple faced teenagers on the TV.   Great subject for a food place.   Maybe that is designed to keep people away too.  

So if you want to make Jack happy, don't go there!   Seems to be their what they are striving for.",study_spot,1
"Categories: Food, Breakfast & Brunch, Bakeries, Restaurants, Coffee & Tea | Review: The best brunch place in Santa Barbara! If you are in the area, you HAVE TO try this place!

I don't even know where to begin. Every thing on the menu tastes sooo good. So if anything on the menu sounds appealing to you, chances are it will taste amazing. 

Recommendations: 
-THE KAHULA BANANA FRENCH TOAST: every bite melts in your mouth, it's so soft and fresh... I wish I could eat this every day haha. 
-Any of the egg benedicts! They come with potatoes and a small bowl of mixed fruits.",study_spot,1
"Categories: Wine Bars, Restaurants, Gluten-Free, French, Bars, Nightlife, Creperies | Review: Exquisite and authentic French cuisine. It's away from the busy hustle and bustle of State Street, so it's not too crowded and the food is very quick. The server was very nice, and our crépe, the Savoyarde was a simple combination of eggs, brie, French greens, and prosciutto resulting in a warming rich and flavorful experience. Very very good salad came with the food as well! Can't wait to come back",late_night,6
"Categories: Breakfast & Brunch, Diners, Restaurants, American (Traditional) | Review: AWFUL SERVICE. my mother, my 2 pound chihuahua, and I decide to stop by worker bee for breakfast, outside is cute enough as is the inside. however, the seats are cracking open and rock hard, just plain unsanitary. after being seated, we waited almost 15 minutes for a server to come to our table. both of us understood, however it was not busy whatsoever. anyways, we put in our drink order and soon the waitress comes back. meanwhile, my chihuahua is sitting on my lap. the waitress snatches my coffee out of my hand and asks if the dog is a service dog....... no, he's not. there is not ONE poster or sticker stating no dogs are allowed. and a two pound chihuahua puppy...... seriously??!!?!? we were asked to leave, which we gladly did. awful service, lost our business forever.",family_friendly,3
"Categories: Nightlife, Restaurants, Steakhouses, Bars | Review: First time here and it was Wonderful!
Staff is so nice and sweet. We usually don't care about where we usually sit but because we had two sleepy toddlers the host and waitress helped to accommodate us.  The crudités and bread we were served were such a nice touch to begin with. Portions are huge here. In addition, a soup and salad and sides were served with our entree. I felt like I was eating for two people. We ordered the birdie cut and it was cooked perfectly. The scampi was marinated in wine sauce that literally melts in your mouth. 

The place looks like a bar from the outside but is N old school kind of fine dining restaurant inside. 

Our service from our waitress who has worked there for 25 years was outstanding. I believe her name was Sharie. Thanks for your great service and food. We will be back!!!",upscale,4
"Categories: Seafood, Bars, Wine Bars, American (New), Restaurants, French, Nightlife, Mexican | Review: Dinner here was such a great experience! The service was amazing. You could tell our server wanted to really make our experience perfect. 
The food was delicious as well! We enjoyed everything we ate. We ordered the French onion soup, pork belly, wagyu beef, and scallop trio. All of them were really tasty.
I loved that the chef delivered our entree and asked us if we had any questions. 
All around good experience.",upscale,4
"Categories: Restaurants, Nightlife, Mexican, Bars, Breakfast & Brunch | Review: Absolutely delicious best margaritas in Carpinteria great Tex-Mex Mexican food. Be ready for large portions and tons of cheese. I love this place.",family_friendly,3
"Categories: Nightlife, Bars, Cocktail Bars, Food, American (New), Desserts, Restaurants | Review: I can't rave enough about how great this place is! We started with the deviled eggs - so good! Even had a piece of bacon sticking out of them. Brussel sprouts were to die for - such a great flavor. Next came the heirloom tomato salad. Everything was so fresh! Finished off with the risotto. Fresh peas, grilled fennel. My only regret was not saving room for dessert!!",trendy,5
"Categories: Bars, Wine Bars, Beer Bar, Wineries, Food, Wine Tasting Room, Nightlife, Arts & Entertainment, Cideries | Review: My new favorite place!! I love cider so I was super excited to hear about this place. The staff was really friendly and fun. They gave us awesome recommendations and even let us taste a few ciders that were new and not even on the menu yet. They have a really nice variety of ciders to try and usually have a food truck if you're hungry. 

Would definitely recommend it!",late_night,6
"Categories: Specialty Food, Health Markets, Restaurants, Gluten-Free, Bakeries, Coffee & Tea, Desserts, Breakfast & Brunch, Food | Review: Wow!!!  Stumbled upon this cute bakery while shopping.  Having Celiac is difficult and it's even more difficult to find something sweet and savory that fits my dietary needs.   I got loaves of bread to go and will likely regret not buying more.  While there, I got 1/2 a grilled cheese with turkey and a slice of cake.  My friend got half a Turkey sandwich with pumpkin soup.  She also got a piece of lemon cheesecake to go.  All of it was amazing!!!",study_spot,1
"Categories: Seafood, American (New), Sandwiches, Steakhouses, Restaurants, Bars, Nightlife | Review: My wife and I both work in the restaurant industry and have become accustomed to a certain level of quality when choosing to dine out. We could not speak higher of the service and food perfection we received from Opal. It is so difficult to celebrate special occasions during quarantine, and they were willing to go above and beyond to help us make our day exceptional. We both ordered the filet, and it was cooked to perfection! The kitchen team was kind enough to plate our meal into special containers, so it did not appear as ""to-go food"" and instead as we would see it if we were to dine in. Thank you so much for helping us celebrate our one year anniversary! Excellent guest service!! YUM!",upscale,4
"Categories: Cocktail Bars, Fish & Chips, Nightlife, Seafood, Restaurants, Bars | Review: Great, fresh sea food with a view to boot! Whenever I've been here it happens to be on a weekend and of course with the expected wait. Worth it every time. I could go for some of their clam chowder right now.",date_night,0
"Categories: Cocktail Bars, Farmers Market, Tapas Bars, Food, Desserts, Nightlife, Asian Fusion, Restaurants, Tapas/Small Plates, Bars, Indonesian | Review: Great food. Great drinks. Great place..... 
Or was.....
Need to preface that I've been here many times on many occasions including renting out their back patio for my birthday!!! I'm absolutely shocked at the service- or lack there of- from a recent visit. I found myself arguing with a hostess and a waitress about the seating availability (both of which not on the same page) to start. After finally convincing them to seat us (four people, at 7:30 on a Wednesday night) we sat for 20 minutes with ZERO contact from any of the severs. NONE. 
The decision was unanimous at the table to leave and as we did I handed the menus to the server and ""thanked her"". She was oblivious to the entire thing. 
Get your shit together guys. That was embarrassing",date_night,0
"Categories: Restaurants, American (New), Delis, Breakfast & Brunch, Tapas/Small Plates, Cafes | Review: This is still the best restaurant in Santa Barbara!! During this past year we have brought over 80 guests here and EVERYONE has agreed with this description! Never had even a mediocre meal! We never take a chance... Always State&Fig",upscale,4
"Categories: Health Markets, Coffee & Tea, Ice Cream & Frozen Yogurt, Restaurants, Juice Bars & Smoothies, Breakfast & Brunch, Food, American (New), Specialty Food | Review: So yeah, this place lives up to all the yelp hype. Super tasty and I was able to get my coffee fix next door while I waited for my bowl. Going back the next two days I'm in here town it's that good.",family_friendly,3
"Categories: Breweries, Restaurants, Sports Bars, Nightlife, American (Traditional), Food, Bars | Review: I love to play pool here. The games are only a dollar and they have like 5 tables.  They also have shuffle board and the buck hunter game. Great selection of unique beers. I almost always go for the state street stout which is delicious. Come here for pool and yummy beer",trendy,5
"Categories: Delis, Gluten-Free, Fast Food, Salad, Sandwiches, Restaurants | Review: They have great quality sandwiches and soups.  Never been disappointed by anything on the menu.  Always fresh.  Have met the owner at both locations and he has been friendly and accommodating.  
They're very fastidious about making sure a gluten free sandwich is really gluten free - different cutting boards and new gloves.  
Love the pickled popcorn.",casual_hangout,2
"Categories: American (New), Pizza, Pubs, Nightlife, Bars, Restaurants, American (Traditional), Breakfast & Brunch, Beer Bar | Review: So when we originally got evacuated we went to Santa Barbara to stay with a friend and we wanted to look for some good food and some good beers! This is the place! The soft pretzel appetizer is fantastic , the spicy  wings are delicious And the roasted chicken sandwich with the fries is something I would eat every day. I don't drink beer so the option of a Shirley temple was perfect and my boyfriend loved the meat and potatoes beer and loved it.  The selection of beers was pretty amazing.  Definitely recommend stopping by.",family_friendly,3
"Categories: Specialty Food, Cheese Shops, Cafes, Restaurants, Breakfast & Brunch, Wine Bars, Sandwiches, Food, Event Planning & Services, Caterers, Bars, Nightlife | Review: The original C'est Cheese is great. They have a small, but great selection of items and I really like the white truffle oil they carry.

The new location looks nice (and after a 1+ years of construction it better), but the selection of food leaves a lot to be desired. They don't offer a lot of items to choose from for lunch and when I go out for lunch I want to be able choose from a wide range of food.  Here you are lucky to see a handful of items. - The new cafe is a let down for me and I won't be back any time soon..",late_night,6
"Categories: Cocktail Bars, Fish & Chips, Nightlife, Seafood, Restaurants, Bars | Review: We arrived Monday around 8pm and seated right away. Place can get busy so expect to see wait staff running around; little too fast.Nice cold beers... Order was easy. Grilled sword fish; lack of seasoning and not cooked well in the middle as cut was little thick maybe 2 1/2 inc. lots of cole slaw and pilaf rice was ok (i almost liked the rice but little dry), fish and chips; beer batter was good but missing the fish inside; i was expecting little more fish... lots of cole slaw again and too much chips. Ceviche was too big; red snapper was okay in there; seems like they make a lot of these as it was like mash . Service was attentive, bus boys were nice kids, ambiance was good. Food gets 3 stars..",date_night,0
"Categories: Tuscan, Seafood, Wine Bars, Restaurants, Bars, Nightlife, Italian | Review: We were just in the area and stopped in for some dinner. We saw that this place had great reviews so it must be good. Oh my... everything we ordered was so on point! One of the best Italian places I've been to. The Shrimp, clams, & mussels in the spicy red sauce was prob the one thing I would say you must try! The red sauce was so thick and flavorful. We also ordered the salmon carpaccio with arugula. It was delicious as well. My clams with the white wine was soooooo good! & my fiancé's papperdelle alle bosciaola was also another on point item! Overall this place won over my mouth and tummy! The only thing I didn't care for was the bread. I wished they had different kinds. The one they served was too dry and kinda burnt. Def would come back if I am ever in the area again!",date_night,0
"Categories: Seafood, Restaurants, Breakfast & Brunch, Lounges, Cocktail Bars, Mediterranean, Bars, Tapas/Small Plates, American (New), Nightlife | Review: Visited here twice while in Santa Barbara. We tried quite a few small and shared plates as well as the rib eye. Everything was presented beautifully and the staff were all excellent.

Highly recommend the crudo.",upscale,4
"Categories: Nightlife, Seafood, Restaurants, Bars, Cocktail Bars, Burgers, Fish & Chips, Sandwiches | Review: Loved the service here.   Came in minutes after closing but Jonathan took care of us.   The service, the margaritas, and the tacos (and then dessert) were delicious.     Thanks, guys!",trendy,5
"Categories: Tapas/Small Plates, Desserts, Restaurants, Breakfast & Brunch, Food, Seafood | Review: We had oysters on a half shell, clam chowder, salmon, sea bass, calamari... ALL tasted great. Good food, good wine, great company and very attentive waiters! Comin back!!",upscale,4
"Categories: Breakfast & Brunch, American (New), Restaurants, American (Traditional), Nightlife, Bars | Review: Went there for Sunday brunch. We didn't have a reservation, but were offered a seat at the bar. What a wonderful place! Amazing food, great service, ambient atmosphere. Will definitely come back during my next visit to Santa Barbara.",family_friendly,3
"Categories: Burgers, Cafes, Restaurants, Mexican, American (Traditional) | Review: Hubs and kids and I started going to Cal Taco about 15 yrs ago, and have since moved to the East coast and back. Off and on over the yrs we stop in for a bite and see how the place is doing. I was especially curious because of the great reviews. We went today for lunch before hubs flew to NYC for business. We only had about 45 minutes before we had to schlep him to the airport (looove the convenience of living 5 minutes from the aiport, and hubs always flies out from here and connects via LAX or Phoenix). 

Sundays are $1.89 charburger specials. We got a couple of those, some fries, a double char with cheese, fish tacos, and steak tacos. The place was packed, but we managed to get a booth quickly and somehow squeezed two parents and 3 young adults into a four seater. The food took just a few minutes and was solid overall. Aside from the fries which were warmish and sorta limp, we were all satisfied. The chars are smallish but satisfy for those who don;t want to pig. My son who had the double with cheese said he was stuffed and couldn't finish the last two bites which I brought home for the dog who was highly appreciative. BTW my son said even though the char was great, the Habit's is slightly superior. (And I hafta say, Habit's fries are better, too).

My other son who got the fish tacos said they were great--and he is extremely picky. He ordered two at $3 apiece. They came on soft corn tortillas with decent sized pieces of grilled fish, shredded romaine, tomato cubes and shredded jack. They were delish enough that he didn't even use the salsas from the salsa bar--a fairly wimpy green tomatillo and a tomatoey/cilantro one that was flavorful but not at all spicy. Half a point off because even though this place is not truly authentically Mexican, they shouldn't call themselves Cal-""Taco"" and not offer at least one kick-ass salsa. The steak soft tacos, at $2.75 apiece were perfectly acceptable and came exactly as the fish ones, but with cheddar cheese. 

The crowd was low-key, Goleta, beach-casual. Strictly shorts and Ts. Families, couples, just a nice mix. The service is friendly and efficient, atmosphere nice and breezy on a beautiful summer day, with the option of eating outdoors on their little patio. 

I would like to go back and try their teriyaki chix sandwich since people rave about them.  All in all, a perfectly acceptable experience but didn't knock my socks off. Maybe next time.",study_spot,1
"Categories: Chinese, Food, Dim Sum, Desserts, Coffee & Tea, Restaurants | Review: We were excited to go back to one of our old stomping grounds for lunch. We got there at 2:50 after calling to make sure they served lunch till 3. They told us they were done serving lunch, even though they had people seated. We will not go back there again.",study_spot,1
"Categories: Breakfast & Brunch, Venues & Event Spaces, Peruvian, Event Planning & Services, Bars, Nightlife, Latin American, Restaurants, Cocktail Bars, Seafood, Tapas/Small Plates, Mexican | Review: Food was extremely greasy: specifically the quesadilla de pork belly. There were puddles of grease on every dish we ordered. The garnish overpowered the ""tapas"" feel that the dishes should've had. 

Drinks were decent, ordered a Cadillac margarita which compared to those of ""Mexican"" chain restaurants. 

Service was great and so was the decor, probably the only reason I would return. 

Lastly; why does this place say ""Mexican"" when there's nothing ""Mexican"" to their dishes....

Well, the guacamole and chips were as authentic as ""Mexican"" can be.",date_night,0
"Categories: Korean, Restaurants, American (New), Mexican, Tacos, Nightlife, Fast Food, Bars | Review: This is a great hidden restaurant!!  The tacos are delicious.  So much flavor!!!  The ahi poke is amazing!!!  Totally recommend this place!!",casual_hangout,2
"Categories: American (New), Pizza, Pubs, Nightlife, Bars, Restaurants, American (Traditional), Breakfast & Brunch, Beer Bar | Review: The atmosphere here was cozy and nice! Staff was friendly. Came here on a Wednesday night to have some dinner with friends. I got the ricotta pizza with chicken and a house salad. Pizza was flavorful and cheesy. The salad was good and a good sized portion. The Brussels sprouts were good too! Tasted a little bitter but they were ok.",family_friendly,3
"Categories: Mexican, Tacos, Restaurants | Review: For simple mexican food it is delicous and a great value. To the point, no frills. I will continue to go back for more!",casual_hangout,2
"Categories: Breakfast & Brunch, Restaurants, American (Traditional) | Review: Right along Santa Barbara Beach, this place is a perfect spot to sit outside along the sand, get some breakfast and a cup'o'joe, and just relax. The real SB experience here.

The service here is fast and very friendly. The food here may be simple, but it is done well! Just good stuff in a great place. Good prices too.",family_friendly,3
"Categories: Nightlife, Seafood, Restaurants, Bars, Cocktail Bars, Burgers, Fish & Chips, Sandwiches | Review: Wound up here after driving the PCH all day.. so glad we did. Food was amazing and the service was top notch. Jonathan was especially welcoming to us. Small town vibes with a big city menu. Lobster Mac was stock full of lobster tail. Better than I've ever had. Bacon wrapped figs, Boston clam chowder and some flourless chocolate cake were all stellar eats as well. Def recommend this to others traveling to or through Carpentaria!!",trendy,5
"Categories: Restaurants, Breakfast & Brunch, Sandwiches, American (Traditional) | Review: Came here for breakfast and it hit the spot. The country friend steak was so good and the french toast was yummy as well. The staff so nice check this place out if you are looking for so good simple breakfast.",family_friendly,3
"Categories: Coffee & Tea, Food, Bakeries, Coffee Roasteries | Review: super rude & singles out ppl of color !! terrible experience w the person in charge harassing",study_spot,1
"Categories: Restaurants, American (New), Delis, Breakfast & Brunch, Tapas/Small Plates, Cafes | Review: We were there for their very first night of dinner service. People didn't know they were open for dinner so it was not crowded, but they had a full complement of staff.
Their staff is friendly and attentive and we swapped good hiking locations.
I had the Roasted Organic Chicken with harvest risoni, (like rissoto meets rice-a-roni in  a good way), and green olive salsa verde. The chicken was tender and delicious, but an enormous portion. Even with Chinese style sharing with my table mates I still took home a doggie box.
The menu looked delicious and I wanted to try lots of dishes, but alas my seat mates all ordered the braised short ribs, roasted carrots,soft polenta, arugula and truffled pecorino dish. The meat was packed with flavors and fall off the bone tender. I loved the polenta, carrots and all.
Nice desserts too. We were helpless to resist the flourless chocolate cake with whipped cream, not too sweet to counterpoint the sinful cake.
I liked the ambient lighting, the soft warm faux walls and high old world ceilings. I'll go again.",upscale,4
"Categories: Restaurants, Bars, Nightlife, Barbeque, Sandwiches | Review: For the price, I honestly don't think it's worth it. I have eaten here twice and each time left something to be desired. I have tried the sampler plate with chicken, brisket, and sausage. The chicken was greasy and not as hot as I would expect freshly cooked chicken would be. The brisket had a similar problem, but more so I hoped it would be more tender. The sausage was very good, but really for a link of sausage to be that expensive is ridiculous. The bread was disgusting, as I believe other reviews have mentioned. BBQ sauces were all awesome though. 
On my second trip (for lunch) I tried the pulled pork sandwich. The flavors were good as was the meat, but the bun was way overpowering and a bland texture that absorbed some of the wonderful seasoning.
For sides I have tried the mac and cheese (deliciously decadent), the greens (wayyy too salty), and the coleslaw (nothing to write home about).
As for service, everyone is polite, yet I don't feel that they are fully engaged and more trying to ""perform"". Maybe it's just me, but unless I am involved in an important conversation I enjoy feeling a camaraderie with the folks serving. Instead it just felt like some superficial upsell instead of honest insight.
As this place has only been open for a couple months, I hope they will work out some of their kinks. I would honestly hope it becomes understood that while this is upscale for a barbeque restaurant it is not of the same caliber of Julienne, despite the same owners. The price range should not be the same.",casual_hangout,2
"Categories: Restaurants, Coffee & Tea, Breakfast & Brunch, Gluten-Free, Food, Sandwiches, Bagels | Review: Blows all ""spare-bucks"" and ""coffee beany babies"" away. Laid back unpretentious, delicious.  Personal.",casual_hangout,2
"Categories: Nightlife, Sports Bars, Bars | Review: A nice departure from the college students and pop music you find in most bars of downtown Santa Barbara. Think upscale dive bar (yes, I realize that is an oxymoron) with a friendly local crowd. Music is selected via Jukebox, a rarity in Santa Barbara.
What I like most is that instead of featuring baseball and football (American), they show rugby and soccer on their flatscreen tv's. When World Cup is on, you can count on them showing it and a packed bar.",late_night,6
"Categories: Tapas Bars, Nightlife, Salad, Restaurants, Cocktail Bars, Bars, Wine Bars, Cafes, Pizza, American (New) | Review: Great comfortable setup....food, service & atmosphere is very enjoyable. Our waitress was above & beyond accommodating. Heck, you can even order off the Wine Cask menu too. Which we did, and had a balance of both.",date_night,0
"Categories: Restaurants, Soup, Japanese, Sushi Bars | Review: I have been here 4 times; twice for lunch and twice for celebratory dinners. As with most Japanese food, it's expensive! Since we were celebrating birthdays and I love sashimi and rarely get it, I have ordered the sashimi combo twice. Both times it was presented beautifully and extremely fresh. The sake sampler is fun and ""pretty""...the lighting is nice...the seating is mostly bench-style and hard chairs (not a comfy/cozy place to relax). The buzz of the crowd gets loud and it kind of feels like you are eating communally. The service is a bit odd...it seems like they do team service which is managed by the owner. This can mean you get a lot of service or next to none at all...it's very inconsistent. 
So why do I say ""very good""? Really because we have lost any other ""nice"" restaurant to go for a ""date night"" out here in west Goleta (baring the Bacara). Once they have some competition I think they will have to step up their service and comfort. The food is great.",date_night,0
"Categories: Steakhouses, Bars, Brewpubs, Breweries, American (Traditional), Nightlife, Sports Bars, Restaurants, Food, Burgers, Comfort Food, Seafood | Review: Totally good local spot. Great beer selection. Calamari was a little soggy but everything else was great. We had a burger and a prime rib sandwich. Both did the job. The staff was the best part. Super sweet ladies!",upscale,4
"Categories: Italian, American (New), Restaurants | Review: What other craft restaurants want to be when they grow up. All aces.

With reservations made (highly suggested) we arrived to a packed house of a mix of your usual Santa Barara suspects. ALl walks of life with many in their 40s-60s but hip. These are not borring grandparents and fit right in with 30 Somethings. While you don't need to dress to impress, this is not a shorts, tank top and flops. Put some effort into your denim ensamble. 

We arrived a bit early to check out the bar and decided to skip the table and eat right there. Kyle and Jodie took fantastic care of us recommending wine tastings and more. After discussing the distinctive, micro distilled alchy bottles, our bar keep took us on a tasting of Hophead vodka and Don Julio 70. Both outstanding. This is service on the rocks, over the top.

While I had my eyes set on the lasagna, sadly, they were out. With all fresh and locally obtained ingredients, sometimes it just donen't work out. Next on the list was the Tagliatelle, reved by Jodie across the marble but when I found the Whole Fish was  Branzino, there was no looking forward. That paired with Brussels sprouts and I had my Main picked out. To start, I'm all in for the Porchetta di Testa. The results were very good. The Porchetta di Testa was a mouth watering crab cake side puck o love. Bravo Jason. The fish was very good. Don't get me wrong, it was very good but did not stand up to Justin over at Julienne. The sprouts were served in a little, cast iron skillet and melted in my mouth. Certainly a re-eat.

What did she order? A Chopped salad and the Shrimp pizza. Both were delicious but I thing my choices were more exciting.

To rap this up, Anchor is a top restaurant sitting pretty with just a few Santa Barbara elite. You will want to keep coming back...just like me. The cost of admission is what you make it. There are less expensive options on the menu but you'll want to eat high on the hog. I'm told the Pork Belly Sandwich is must at lunch. I'm sold.",upscale,4
"Categories: Bars, Nightlife, Pubs, Comedy Clubs | Review: Poor service.  Checked my statement the next week and was overcharged.  Bartender added a little extra ""tip"" for himself.  Sad when they assume everyone is too drunk to remember and use that to validate stealing from good people.  Never going back.",late_night,6
"Categories: Seafood, Bars, Wine Bars, American (New), Restaurants, French, Nightlife, Mexican | Review: Exquisitely delicious. Impeccable service and a most delightful cuisine.  An experience worth exploring. Cheers.",upscale,4
"Categories: Salad, Sandwiches, Restaurants, Pizza | Review: Definitely the worst pizza ordering experience I've had.

First, when I called, I was on hold for probably 5 minutes, if not longer. When they finally picked up I told them I would like a personal pan pepperoni. I wanted the personal because I was staying at a hotel and didn't feel like having leftovers. They told me that my order was less than their delivery charge, and would I like to add anything to the order? I said no, that I'll just pay the delivery charge. Then the guy, rather rudely, told me that I couldn't do that, and that I must add something else to the order. Most pizza places allow you to do this, but apparently this one doesn't. So I reluctantly changed my order to a small pizza.

When it arrived I was discovered they had gotten my order wrong. I had received a thin crust pizza instead of the pan crust which I ordered. The pizza tasted like cardboard with sauce and cheese on it. So disappointed.",casual_hangout,2
"Categories: Italian, Restaurants | Review: I was taken out to this restaurant for a date, so I'm already biased in this review. 
The atmosphere was whimsical with the outside patio lighting and candles on the tables. My date and I had the option of a booth or table and we chose a table. I looked at all of the booths, and there were 3 booths each occupied with a couple sitting side by side. I wish I took a pic because it was so romantic. 
For the the food, I ordered the Eggplant Genovese which was an excellent choice. I can't go into great detail about it, by I wasn't disappointed.
Given that I don't know the Santa Barbara area very well, I'd definitely come back to this Italian restaurant.",date_night,0
"Categories: Irish Pub, Nightlife, Bars, Pubs | Review: ""Maybe this isn't the bar for you"" - the bartender 
""That's funny.. you're playing Lindy Hop & Swing music so I assumed this was a place with courtesy and class.. did I get that wrong?"" - me

""Can I get a straw?"" - me
""Straws are illegal in California."" - the bartender 
""That's funny because every other place in California you can give me a straw if I ask for it."" - me
""Yeah well that's what it is."" - bartender 


The Bartender here on Saturday night was surprisingly rude. Doesn't deserve any tips and apparently doesn't like repeat business.",late_night,6
"Categories: American (New), Tapas/Small Plates, Event Planning & Services, Venues & Event Spaces, Restaurants, Burgers | Review: I thought that this was just oKay. I see why people like it with all the craft beers and the outside atmosphere, but it's a lot of money for ordering at a counter and having your food come out all at different times. The place didn't flow and the food was okay for the exception of the Mexican Street corn which  was awesome and a must try but it didn't come out till my husband and and son were already done with their food and it's supposed to be a starter.",upscale,4
"Categories: Restaurants, American (Traditional), Lounges, Nightlife, Bars, Burgers, American (New) | Review: We had an awesome experience here. Sat outside with the doggie basking in the warm sun. Try their specialty bourbon drinks. They are winners!",late_night,6
"Categories: Pubs, Bars, Food, American (Traditional), American (New), Nightlife, Breweries, Brewpubs, Restaurants | Review: Came here for the first time last night, everything was delicious! Jamie and jake took great care of us! Will definitely be back!",trendy,5
"Categories: Bars, American (Traditional), Gastropubs, Nightlife, Cocktail Bars, Restaurants, American (New) | Review: Staff from Friday July 16th was incredible! So friendly, so attentive, super friendly and efficient! We love going there for the food and the drinks and the staff really just makes the experience so much better!",trendy,5
"Categories: Tacos, Desserts, Nightlife, Bars, Indian, Mexican, Restaurants, Food, Beer Bar, Wine Bars, Fast Food | Review: I had goa taco at Smorgasburg LA and I really enjoyed it. However, this place is far superior. To begin with, its a sit down restaurant so you don't have to wait and eat in the scorching sun for your food. Also, they have more variety than the Smorgasburg LA one and the prices are cheaper and service is faster. Thumbs up!",late_night,6
"Categories: Cocktail Bars, Lounges, Nightlife, Bars | Review: Best cocktails I've ever tried. If you love cocktails The Good Lion is the best place you can find in Santa Barbara. The only problem is that the place itself is small so we don't go there more than 4 people. 
They also can make great cocktails (not from the menu) based on what kind of cocktails and alcohol you like. Feels like they really know what they are doing! Drink cocktails and enjoy",late_night,6
"Categories: Food, Acai Bowls, Bakeries, Coffee Roasteries, Desserts, Coffee & Tea | Review: I came to Carpinteria to celebrate 4th of July, being my first time here i looked up coffee shops near me, and Lucky Llama came up, the reviews were good so i decided to try it. It did not disappoint, customer service was excellent and the place feels very cozy.",study_spot,1
"Categories: Seafood, Venues & Event Spaces, Cocktail Bars, Restaurants, Nightlife, Breakfast & Brunch, American (Traditional), Event Planning & Services, Bars, American (New) | Review: Really fun new location. Had a simple lunch (ahi poke) and a glass of wine. Pleasant staff and nice atmosphere. Looking forward to visiting again.",date_night,0
"Categories: Mexican, Restaurants, Fast Food | Review: It's Chipotle. You know what you're walking into. Personally, I like the chicken bowl with tortilla on the side. The line moves quickly and overall it's worth it since it's under $10",casual_hangout,2
